Date,T (degC)
2009-01-01,-6.854782608695655
2009-01-02,-3.731249999999999
2009-01-03,-5.284583333333333
2009-01-04,-1.3812500000000003
2009-01-05,-4.673749999999999
2009-01-06,-15.283750000000005
2009-01-07,-15.888750000000002
2009-01-08,-9.504166666666668
2009-01-09,-12.216250000000002
2009-01-10,-10.745
2009-01-11,-8.654166666666667
2009-01-12,-5.4070833333333335
2009-01-13,-1.6379166666666662
2009-01-14,-4.7558333333333325
2009-01-15,0.05333333333333329
2009-01-16,-2.8320833333333333
2009-01-17,-0.01666666666666657
2009-01-18,2.54375
2009-01-19,2.52625
2009-01-20,3.3158333333333334
2009-01-21,-1.5658333333333332
2009-01-22,-1.1412499999999997
2009-01-23,1.3795833333333334
2009-01-24,2.6779166666666665
2009-01-25,0.9758333333333332
2009-01-26,-3.325
2009-01-27,-1.335
2009-01-28,-2.46875
2009-01-29,-2.3841666666666668
2009-01-30,-2.3966666666666665
2009-01-31,-1.9975000000000005
2009-02-01,-3.364583333333333
2009-02-02,-0.7679166666666662
2009-02-03,0.045000000000000116
2009-02-04,-1.0595833333333329
2009-02-05,1.8808333333333327
2009-02-06,2.575416666666666
2009-02-07,1.3879166666666665
2009-02-08,1.143333333333333
2009-02-09,-0.21291666666666675
2009-02-10,2.459166666666667
2009-02-11,0.3133333333333334
2009-02-12,-1.3658333333333332
2009-02-13,-1.3833333333333335
2009-02-14,-3.5362500000000003
2009-02-15,-4.338333333333333
2009-02-16,0.13625
2009-02-17,-2.317916666666666
2009-02-18,-4.084583333333334
2009-02-19,-4.6970833333333335
2009-02-20,0.1908333333333334
2009-02-21,1.0941666666666667
2009-02-22,1.8766666666666667
2009-02-23,2.485416666666667
2009-02-24,-0.3445833333333333
2009-02-25,1.3808333333333334
2009-02-26,3.932500000000001
2009-02-27,4.830000000000001
2009-02-28,6.5808333333333335
2009-03-01,5.4625
2009-03-02,5.444583333333334
2009-03-03,3.994166666666667
2009-03-04,4.53
2009-03-05,2.1375
2009-03-06,3.9837499999999992
2009-03-07,1.7808333333333328
2009-03-08,2.7016666666666667
2009-03-09,3.8837500000000014
2009-03-10,3.6341666666666654
2009-03-11,2.934166666666666
2009-03-12,2.925416666666667
2009-03-13,6.6062499999999975
2009-03-14,5.199583333333333
2009-03-15,6.2
2009-03-16,6.166666666666668
2009-03-17,6.408333333333332
2009-03-18,3.9020833333333336
2009-03-19,2.674166666666667
2009-03-20,0.10833333333333336
2009-03-21,1.6479166666666665
2009-03-22,3.75625
2009-03-23,5.822916666666668
2009-03-24,1.3004166666666666
2009-03-25,-0.2645833333333333
2009-03-26,4.185833333333334
2009-03-27,5.96
2009-03-28,5.303333333333332
2009-03-29,5.8275000000000015
2009-03-30,4.7
2009-03-31,4.617916666666667
2009-04-01,7.185416666666666
2009-04-02,10.6
2009-04-03,12.878333333333332
2009-04-04,13.406249999999998
2009-04-05,11.066250000000002
2009-04-06,11.965000000000002
2009-04-07,12.784166666666666
2009-04-08,12.822500000000005
2009-04-09,12.522499999999996
2009-04-10,14.1325
2009-04-11,15.230833333333333
2009-04-12,14.115833333333333
2009-04-13,12.77708333333333
2009-04-14,13.642083333333336
2009-04-15,14.835
2009-04-16,14.795
2009-04-17,8.161666666666667
2009-04-18,7.446249999999999
2009-04-19,10.514999999999997
2009-04-20,10.866666666666667
2009-04-21,11.115000000000002
2009-04-22,8.466666666666667
2009-04-23,6.4525000000000015
2009-04-24,9.775416666666667
2009-04-25,14.35125
2009-04-26,13.899166666666673
2009-04-27,15.712916666666667
2009-04-28,13.157499999999995
2009-04-29,9.349166666666664
2009-04-30,12.261250000000002
2009-05-01,12.69375
2009-05-02,12.87208333333333
2009-05-03,13.223333333333334
2009-05-04,8.220833333333331
2009-05-05,6.726250000000001
2009-05-06,10.52875
2009-05-07,14.182083333333333
2009-05-08,13.282916666666665
2009-05-09,13.048333333333332
2009-05-10,13.995416666666666
2009-05-11,10.529166666666667
2009-05-12,10.827916666666667
2009-05-13,11.80833333333333
2009-05-14,12.254583333333334
2009-05-15,14.519583333333333
2009-05-16,13.106249999999998
2009-05-17,15.739583333333336
2009-05-18,15.606666666666666
2009-05-19,15.44791666666667
2009-05-20,16.82708333333333
2009-05-21,16.897916666666664
2009-05-22,13.473749999999995
2009-05-23,13.294583333333335
2009-05-24,18.57875
2009-05-25,18.539166666666674
2009-05-26,19.980416666666667
2009-05-27,12.915416666666665
2009-05-28,11.952083333333333
2009-05-29,11.187083333333332
2009-05-30,10.652083333333335
2009-05-31,13.564583333333333
2009-06-01,15.17125
2009-06-02,17.48333333333333
2009-06-03,11.037916666666666
2009-06-04,9.352916666666664
2009-06-05,9.37375
2009-06-06,8.038750000000002
2009-06-07,11.964166666666666
2009-06-08,14.48833333333333
2009-06-09,14.80625
2009-06-10,14.369999999999996
2009-06-11,13.382083333333332
2009-06-12,11.154583333333333
2009-06-13,13.362916666666665
2009-06-14,16.022916666666664
2009-06-15,16.284166666666664
2009-06-16,12.774166666666664
2009-06-17,14.314166666666665
2009-06-18,17.25208333333333
2009-06-19,16.037499999999998
2009-06-20,13.433750000000002
2009-06-21,11.824583333333335
2009-06-22,11.723333333333334
2009-06-23,13.875000000000002
2009-06-24,16.04833333333333
2009-06-25,14.507083333333332
2009-06-26,17.31833333333334
2009-06-27,16.372916666666665
2009-06-28,17.35125
2009-06-29,18.001666666666665
2009-06-30,20.132083333333327
2009-07-01,20.150833333333328
2009-07-02,21.139166666666668
2009-07-03,21.82666666666667
2009-07-04,21.31875
2009-07-05,20.656250000000004
2009-07-06,17.575
2009-07-07,15.934166666666668
2009-07-08,14.799583333333333
2009-07-09,14.729583333333332
2009-07-10,12.745416666666667
2009-07-11,12.470833333333333
2009-07-12,15.968333333333335
2009-07-13,20.16
2009-07-14,19.924583333333327
2009-07-15,20.387916666666666
2009-07-16,20.91875
2009-07-17,19.888749999999995
2009-07-18,15.132083333333336
2009-07-19,14.967083333333335
2009-07-20,15.347499999999998
2009-07-21,18.415416666666665
2009-07-22,21.61125
2009-07-23,20.741250000000004
2009-07-24,16.724166666666665
2009-07-25,15.105833333333333
2009-07-26,16.624166666666667
2009-07-27,20.295416666666668
2009-07-28,18.898750000000003
2009-07-29,19.22708333333333
2009-07-30,18.810416666666665
2009-07-31,15.674583333333333
2009-08-01,18.786250000000006
2009-08-02,19.992916666666673
2009-08-03,17.259166666666662
2009-08-04,17.21625
2009-08-05,17.99791666666666
2009-08-06,19.774583333333336
2009-08-07,21.37583333333333
2009-08-08,21.223333333333333
2009-08-09,19.9975
2009-08-10,18.74708333333333
2009-08-11,18.143333333333327
2009-08-12,17.940416666666668
2009-08-13,17.23
2009-08-14,15.893333333333334
2009-08-15,18.997916666666665
2009-08-16,21.977083333333336
2009-08-17,21.595416666666665
2009-08-18,18.7425
2009-08-19,20.050833333333333
2009-08-20,25.26958333333333
2009-08-21,19.81125
2009-08-22,15.9925
2009-08-23,16.062500000000004
2009-08-24,19.2975
2009-08-25,20.433333333333334
2009-08-26,19.395416666666666
2009-08-27,20.348333333333333
2009-08-28,20.08
2009-08-29,15.249166666666662
2009-08-30,13.657083333333334
2009-08-31,16.771666666666665
2009-09-01,21.297916666666666
2009-09-02,18.96583333333333
2009-09-03,16.28833333333333
2009-09-04,14.119583333333333
2009-09-05,12.369166666666665
2009-09-06,12.479166666666664
2009-09-07,14.597083333333332
2009-09-08,16.744583333333335
2009-09-09,17.459583333333338
2009-09-10,15.002083333333333
2009-09-11,15.214583333333335
2009-09-12,13.88791666666667
2009-09-13,11.163333333333336
2009-09-14,10.845416666666667
2009-09-15,13.905833333333335
2009-09-16,14.755833333333333
2009-09-17,13.935416666666667
2009-09-18,14.34083333333333
2009-09-19,14.98958333333333
2009-09-20,16.459166666666665
2009-09-21,15.060000000000002
2009-09-22,16.047083333333333
2009-09-23,15.639583333333334
2009-09-24,13.442083333333334
2009-09-25,10.938333333333334
2009-09-26,10.791666666666664
2009-09-27,11.517083333333332
2009-09-28,11.895833333333336
2009-09-29,14.014583333333333
2009-09-30,10.83375
2009-10-01,11.972500000000002
2009-10-02,8.849583333333333
2009-10-03,10.623333333333333
2009-10-04,11.86
2009-10-05,10.337083333333332
2009-10-06,14.53
2009-10-07,18.511250000000004
2009-10-08,15.517500000000005
2009-10-09,8.079166666666667
2009-10-10,10.083749999999998
2009-10-11,10.519166666666663
2009-10-12,6.7004166666666665
2009-10-13,4.591666666666666
2009-10-14,2.3804166666666657
2009-10-15,1.2366666666666666
2009-10-16,3.861666666666667
2009-10-17,3.9475
2009-10-18,3.932916666666667
2009-10-19,2.92375
2009-10-20,1.2979166666666664
2009-10-21,2.4766666666666666
2009-10-22,2.5658333333333334
2009-10-23,6.4562500000000025
2009-10-24,7.485833333333335
2009-10-25,9.280416666666666
2009-10-26,8.079166666666667
2009-10-27,10.455000000000002
2009-10-28,9.500416666666666
2009-10-29,8.711249999999998
2009-10-30,6.2387500000000005
2009-10-31,1.4799999999999998
2009-11-01,3.1841666666666666
2009-11-02,6.385833333333334
2009-11-03,5.784166666666668
2009-11-04,5.355833333333333
2009-11-05,6.101250000000001
2009-11-06,6.309583333333332
2009-11-07,4.527499999999999
2009-11-08,4.156666666666666
2009-11-09,3.5558333333333336
2009-11-10,4.190833333333333
2009-11-11,5.290416666666668
2009-11-12,4.584583333333334
2009-11-13,8.443333333333333
2009-11-14,10.042083333333336
2009-11-15,9.71875
2009-11-16,7.313333333333333
2009-11-17,9.426666666666668
2009-11-18,8.274583333333332
2009-11-19,9.17
2009-11-20,8.062083333333335
2009-11-21,9.103333333333332
2009-11-22,10.59
2009-11-23,9.03125
2009-11-24,9.5725
2009-11-25,10.929166666666665
2009-11-26,8.024166666666664
2009-11-27,7.138750000000001
2009-11-28,6.878333333333334
2009-11-29,8.699583333333335
2009-11-30,5.050833333333332
2009-12-01,3.695416666666667
2009-12-02,0.9058333333333334
2009-12-03,3.9266666666666654
2009-12-04,2.8262500000000004
2009-12-05,0.8858333333333334
2009-12-06,6.225833333333332
2009-12-07,5.077916666666667
2009-12-08,5.6395833333333325
2009-12-09,4.602083333333334
2009-12-10,4.020416666666666
2009-12-11,1.4270833333333333
2009-12-12,-0.02999999999999999
2009-12-13,-2.920833333333333
2009-12-14,-3.68625
2009-12-15,-2.4479166666666656
2009-12-16,-3.8208333333333337
2009-12-17,-7.008333333333334
2009-12-18,-10.71125
2009-12-19,-15.980833333333335
2009-12-20,-12.224166666666674
2009-12-21,-3.262916666666667
2009-12-22,3.18375
2009-12-23,-0.06583333333333329
2009-12-24,-0.2491666666666668
2009-12-25,3.658333333333333
2009-12-26,1.9812500000000004
2009-12-27,-0.5691666666666668
2009-12-28,2.0283333333333338
2009-12-29,-2.224166666666667
2009-12-30,1.10875
2009-12-31,-1.2775
2010-01-01,-3.8025
2010-01-02,-5.096666666666667
2010-01-03,-4.704166666666668
2010-01-04,-6.140416666666668
2010-01-05,-10.345416666666667
2010-01-06,-8.991249999999997
2010-01-07,-8.369583333333333
2010-01-08,-9.716666666666667
2010-01-09,-5.32
2010-01-10,-5.181666666666668
2010-01-11,-6.7225
2010-01-12,-6.840833333333332
2010-01-13,-9.43583333333333
2010-01-14,-2.34125
2010-01-15,-2.105833333333333
2010-01-16,-2.714166666666668
2010-01-17,-0.0795833333333335
2010-01-18,2.2625
2010-01-19,0.7620833333333334
2010-01-20,-0.21000000000000005
2010-01-21,-5.9975
2010-01-22,-6.463749999999997
2010-01-23,-5.83625
2010-01-24,-5.6000000000000005
2010-01-25,-5.5837499999999975
2010-01-26,-11.824999999999998
2010-01-27,-11.319166666666668
2010-01-28,-0.5362499999999999
2010-01-29,0.028749999999999987
2010-01-30,-2.1470833333333332
2010-01-31,-4.675833333333334
2010-02-01,-2.290833333333333
2010-02-02,-1.8695833333333336
2010-02-03,0.5370833333333331
2010-02-04,0.25458333333333344
2010-02-05,-0.6633333333333333
2010-02-06,-0.04583333333333338
2010-02-07,-4.941666666666666
2010-02-08,-7.0545833333333325
2010-02-09,-6.854583333333332
2010-02-10,-6.712083333333335
2010-02-11,-6.4558333333333335
2010-02-12,-3.705416666666667
2010-02-13,-4.790416666666665
2010-02-14,-4.791666666666667
2010-02-15,-4.651666666666667
2010-02-16,-5.610833333333333
2010-02-17,-5.189583333333331
2010-02-18,1.6791666666666665
2010-02-19,1.43375
2010-02-20,0.8745833333333333
2010-02-21,-0.2691666666666668
2010-02-22,2.370416666666667
2010-02-23,3.83375
2010-02-24,2.8975000000000004
2010-02-25,5.874999999999999
2010-02-26,6.76625
2010-02-27,5.0008333333333335
2010-02-28,7.827083333333332
2010-03-01,4.214166666666666
2010-03-02,1.81875
2010-03-03,1.2337499999999997
2010-03-04,-2.120416666666667
2010-03-05,-3.279166666666667
2010-03-06,-3.9470833333333335
2010-03-07,-4.606249999999998
2010-03-08,-4.008333333333334
2010-03-09,-5.6825
2010-03-10,-2.7779166666666666
2010-03-11,-3.7275
2010-03-12,0.4295833333333329
2010-03-13,2.416666666666666
2010-03-14,3.6295833333333336
2010-03-15,1.5995833333333331
2010-03-16,2.5620833333333333
2010-03-17,5.74875
2010-03-18,7.300416666666668
2010-03-19,10.086666666666666
2010-03-20,11.732500000000002
2010-03-21,11.049166666666665
2010-03-22,7.795000000000003
2010-03-23,7.782083333333335
2010-03-24,9.369166666666667
2010-03-25,12.962083333333334
2010-03-26,12.199166666666665
2010-03-27,7.536666666666669
2010-03-28,7.690833333333333
2010-03-29,8.740833333333335
2010-03-30,11.852083333333333
2010-03-31,7.259166666666665
2010-04-01,5.141249999999999
2010-04-02,4.494583333333334
2010-04-03,6.481666666666667
2010-04-04,8.506666666666668
2010-04-05,6.73125
2010-04-06,7.869583333333334
2010-04-07,10.279166666666667
2010-04-08,10.962083333333334
2010-04-09,9.004583333333334
2010-04-10,5.8933333333333335
2010-04-11,3.3129166666666667
2010-04-12,4.96
2010-04-13,8.05625
2010-04-14,5.765833333333332
2010-04-15,4.603750000000002
2010-04-16,5.96875
2010-04-17,7.180833333333332
2010-04-18,10.013749999999998
2010-04-19,9.238749999999998
2010-04-20,10.766666666666667
2010-04-21,5.244166666666667
2010-04-22,5.451666666666665
2010-04-23,7.155833333333334
2010-04-24,10.332916666666668
2010-04-25,13.804583333333332
2010-04-26,12.195
2010-04-27,12.218750000000002
2010-04-28,12.269583333333333
2010-04-29,16.279583333333335
2010-04-30,16.830416666666668
2010-05-01,12.545833333333334
2010-05-02,10.130416666666667
2010-05-03,10.712083333333332
2010-05-04,7.7262499999999985
2010-05-05,6.4816666666666665
2010-05-06,5.30125
2010-05-07,6.5720833333333335
2010-05-08,9.384166666666664
2010-05-09,10.031666666666666
2010-05-10,8.336249999999998
2010-05-11,8.680000000000001
2010-05-12,10.569166666666666
2010-05-13,7.551666666666668
2010-05-14,6.8162499999999975
2010-05-15,5.662916666666668
2010-05-16,9.61375
2010-05-17,10.38
2010-05-18,9.266666666666667
2010-05-19,7.242916666666666
2010-05-20,9.74
2010-05-21,13.158333333333333
2010-05-22,13.691666666666668
2010-05-23,16.697916666666664
2010-05-24,16.581666666666663
2010-05-25,14.133333333333335
2010-05-26,10.841249999999995
2010-05-27,11.9925
2010-05-28,12.908749999999998
2010-05-29,13.708333333333336
2010-05-30,13.133333333333338
2010-05-31,9.128749999999998
2010-06-01,9.681666666666667
2010-06-02,10.7525
2010-06-03,15.639166666666664
2010-06-04,15.67875
2010-06-05,18.075
2010-06-06,20.98
2010-06-07,18.418333333333333
2010-06-08,19.16666666666666
2010-06-09,22.759166666666665
2010-06-10,23.40791666666667
2010-06-11,21.46208333333333
2010-06-12,16.48333333333333
2010-06-13,13.871250000000005
2010-06-14,13.777499999999998
2010-06-15,14.72625
2010-06-16,14.376666666666665
2010-06-17,16.45416666666667
2010-06-18,16.31875
2010-06-19,11.7475
2010-06-20,12.184583333333334
2010-06-21,11.752083333333333
2010-06-22,13.511666666666665
2010-06-23,15.6275
2010-06-24,19.042083333333334
2010-06-25,18.636666666666667
2010-06-26,18.4225
2010-06-27,18.612083333333327
2010-06-28,20.5875
2010-06-29,22.116250000000004
2010-06-30,22.01166666666667
2010-07-01,22.51166666666667
2010-07-02,24.4975
2010-07-03,25.71458333333333
2010-07-04,21.83583333333333
2010-07-05,20.604166666666664
2010-07-06,16.123333333333335
2010-07-07,17.197499999999998
2010-07-08,21.235416666666666
2010-07-09,24.86
2010-07-10,26.897500000000004
2010-07-11,27.656666666666666
2010-07-12,26.17958333333333
2010-07-13,22.49208333333333
2010-07-14,25.129166666666666
2010-07-15,22.035416666666666
2010-07-16,24.95666666666667
2010-07-17,20.381666666666664
2010-07-18,18.949583333333337
2010-07-19,18.580416666666668
2010-07-20,20.52083333333333
2010-07-21,25.065
2010-07-22,22.337083333333336
2010-07-23,17.758750000000006
2010-07-24,16.450833333333335
2010-07-25,15.57333333333333
2010-07-26,15.01208333333333
2010-07-27,17.584583333333327
2010-07-28,16.302083333333336
2010-07-29,14.68583333333333
2010-07-30,15.943333333333335
2010-07-31,17.828333333333333
2010-08-01,20.740000000000006
2010-08-02,18.970833333333328
2010-08-03,15.678333333333333
2010-08-04,16.224166666666665
2010-08-05,16.453333333333333
2010-08-06,14.082499999999998
2010-08-07,17.778333333333336
2010-08-08,17.064583333333335
2010-08-09,17.097083333333334
2010-08-10,18.9175
2010-08-11,17.00875
2010-08-12,15.415833333333332
2010-08-13,16.065416666666668
2010-08-14,15.978333333333332
2010-08-15,15.009999999999998
2010-08-16,14.939583333333333
2010-08-17,13.501249999999995
2010-08-18,15.73
2010-08-19,16.187916666666666
2010-08-20,17.439999999999994
2010-08-21,20.65166666666667
2010-08-22,21.385833333333334
2010-08-23,18.978333333333328
2010-08-24,17.578333333333337
2010-08-25,15.332916666666668
2010-08-26,17.641666666666666
2010-08-27,18.320833333333333
2010-08-28,13.341250000000002
2010-08-29,11.6275
2010-08-30,9.107916666666666
2010-08-31,12.172916666666673
2010-09-01,11.777083333333332
2010-09-02,12.755416666666667
2010-09-03,13.22125
2010-09-04,11.17
2010-09-05,10.069166666666666
2010-09-06,10.460416666666667
2010-09-07,12.342916666666667
2010-09-08,13.754583333333333
2010-09-09,13.8275
2010-09-10,14.439583333333333
2010-09-11,13.952083333333334
2010-09-12,15.387916666666667
2010-09-13,13.616666666666667
2010-09-14,12.555833333333332
2010-09-15,14.1375
2010-09-16,12.482083333333335
2010-09-17,11.277500000000002
2010-09-18,9.312083333333335
2010-09-19,9.466666666666663
2010-09-20,11.115416666666668
2010-09-21,12.757083333333336
2010-09-22,13.09291666666667
2010-09-23,14.4075
2010-09-24,16.22625
2010-09-25,10.497916666666663
2010-09-26,9.045
2010-09-27,8.308333333333332
2010-09-28,9.194583333333334
2010-09-29,8.266250000000001
2010-09-30,8.491666666666667
2010-10-01,9.956666666666663
2010-10-02,11.311666666666667
2010-10-03,13.337916666666667
2010-10-04,11.1475
2010-10-05,12.68625
2010-10-06,13.699999999999998
2010-10-07,12.31125
2010-10-08,12.247083333333334
2010-10-09,10.317083333333333
2010-10-10,6.617916666666668
2010-10-11,5.417916666666668
2010-10-12,3.722083333333334
2010-10-13,4.888750000000002
2010-10-14,6.086249999999999
2010-10-15,8.199583333333333
2010-10-16,6.11375
2010-10-17,5.224166666666666
2010-10-18,2.0616666666666665
2010-10-19,3.4820833333333336
2010-10-20,4.9425
2010-10-21,4.327083333333333
2010-10-22,4.115833333333334
2010-10-23,5.007083333333333
2010-10-24,7.442083333333333
2010-10-25,3.8791666666666655
2010-10-26,3.9220833333333327
2010-10-27,5.054166666666666
2010-10-28,8.62416666666667
2010-10-29,7.6620833333333325
2010-10-30,9.152083333333334
2010-10-31,8.484583333333333
2010-11-01,7.386666666666666
2010-11-02,6.495416666666667
2010-11-03,10.37625
2010-11-04,14.457083333333335
2010-11-05,13.145416666666666
2010-11-06,9.659166666666668
2010-11-07,4.07
2010-11-08,2.0579166666666664
2010-11-09,3.7383333333333333
2010-11-10,4.987916666666666
2010-11-11,4.554583333333333
2010-11-12,9.295416666666666
2010-11-13,13.671666666666667
2010-11-14,13.700833333333335
2010-11-15,8.774166666666668
2010-11-16,3.1945833333333336
2010-11-17,2.1283333333333334
2010-11-18,3.3083333333333336
2010-11-19,4.355833333333334
2010-11-20,3.6133333333333337
2010-11-21,0.14416666666666658
2010-11-22,0.9170833333333334
2010-11-23,1.373333333333333
2010-11-24,0.3879166666666669
2010-11-25,-0.5570833333333334
2010-11-26,-1.6583333333333332
2010-11-27,-5.61375
2010-11-28,-5.342083333333334
2010-11-29,-3.835416666666666
2010-11-30,-5.373333333333334
2010-12-01,-11.009166666666665
2010-12-02,-11.36875
2010-12-03,-11.822083333333332
2010-12-04,-9.855833333333337
2010-12-05,-2.3025
2010-12-06,-1.3858333333333333
2010-12-07,-3.9208333333333347
2010-12-08,-3.375833333333333
2010-12-09,-2.0975
2010-12-10,-1.7499999999999998
2010-12-11,2.520833333333333
2010-12-12,-0.12624999999999975
2010-12-13,-6.131666666666665
2010-12-14,-5.5058333333333325
2010-12-15,-6.472083333333333
2010-12-16,-6.1099999999999985
2010-12-17,-4.891666666666667
2010-12-18,-9.117083333333337
2010-12-19,-4.63625
2010-12-20,-1.7758333333333332
2010-12-21,-4.109166666666667
2010-12-22,-0.7095833333333336
2010-12-23,-0.7800000000000001
2010-12-24,-2.8149999999999995
2010-12-25,-7.259583333333333
2010-12-26,-9.890833333333333
2010-12-27,-4.559583333333333
2010-12-28,-5.762916666666667
2010-12-29,-13.154999999999996
2010-12-30,-10.366666666666667
2010-12-31,-4.215416666666667
2011-01-01,-0.3295833333333333
2011-01-02,-0.3516666666666666
2011-01-03,-1.5566666666666669
2011-01-04,-5.906666666666666
2011-01-05,-7.401249999999997
2011-01-06,1.6066666666666665
2011-01-07,5.619583333333333
2011-01-08,7.638333333333333
2011-01-09,5.506666666666668
2011-01-10,-2.445
2011-01-11,-0.5362499999999999
2011-01-12,3.5908333333333324
2011-01-13,5.874583333333333
2011-01-14,9.871666666666668
2011-01-15,7.743333333333332
2011-01-16,5.754583333333335
2011-01-17,1.5837499999999995
2011-01-18,5.684583333333332
2011-01-19,1.3233333333333333
2011-01-20,-0.6479166666666667
2011-01-21,-2.15375
2011-01-22,-2.330833333333333
2011-01-23,-1.2741666666666664
2011-01-24,0.5158333333333333
2011-01-25,0.9016666666666668
2011-01-26,0.16708333333333333
2011-01-27,-2.7558333333333334
2011-01-28,-2.99
2011-01-29,-5.749583333333335
2011-01-30,-6.3133333333333335
2011-01-31,-6.2958333333333325
2011-02-01,-5.7366666666666655
2011-02-02,-3.418333333333333
2011-02-03,-0.3149999999999999
2011-02-04,3.377083333333333
2011-02-05,8.2025
2011-02-06,8.334166666666668
2011-02-07,4.7250000000000005
2011-02-08,5.777916666666667
2011-02-09,0.024166666666666742
2011-02-10,1.0620833333333333
2011-02-11,7.44
2011-02-12,-0.4133333333333333
2011-02-13,1.5254166666666669
2011-02-14,1.866666666666667
2011-02-15,1.2587499999999998
2011-02-16,2.5700000000000003
2011-02-17,-1.9995833333333333
2011-02-18,-2.932500000000001
2011-02-19,-3.2479166666666672
2011-02-20,-6.147916666666666
2011-02-21,-8.905416666666667
2011-02-22,-9.654583333333333
2011-02-23,-9.077916666666663
2011-02-24,-3.105833333333333
2011-02-25,-0.10041666666666668
2011-02-26,0.2275000000000001
2011-02-27,1.001666666666667
2011-02-28,1.4554166666666666
2011-03-01,-0.07958333333333341
2011-03-02,-0.3316666666666667
2011-03-03,-1.0545833333333332
2011-03-04,-0.13374999999999995
2011-03-05,-0.2741666666666663
2011-03-06,0.12499999999999985
2011-03-07,-0.9454166666666666
2011-03-08,2.3779166666666667
2011-03-09,5.579166666666668
2011-03-10,6.465833333333332
2011-03-11,7.072083333333333
2011-03-12,5.919999999999997
2011-03-13,8.405833333333332
2011-03-14,9.244583333333333
2011-03-15,8.927916666666668
2011-03-16,4.4245833333333335
2011-03-17,4.6350000000000025
2011-03-18,3.4404166666666662
2011-03-19,2.9800000000000004
2011-03-20,1.8104166666666668
2011-03-21,4.015416666666667
2011-03-22,5.868750000000001
2011-03-23,6.7558333333333325
2011-03-24,7.210833333333331
2011-03-25,7.645
2011-03-26,4.3100000000000005
2011-03-27,3.652916666666668
2011-03-28,4.9125
2011-03-29,6.498333333333334
2011-03-30,8.912083333333337
2011-03-31,10.490833333333333
2011-04-01,13.56
2011-04-02,14.534583333333332
2011-04-03,15.334999999999996
2011-04-04,9.2625
2011-04-05,8.9075
2011-04-06,13.672083333333335
2011-04-07,14.451666666666668
2011-04-08,10.507083333333334
2011-04-09,9.019166666666667
2011-04-10,8.972083333333336
2011-04-11,12.011250000000002
2011-04-12,8.632083333333332
2011-04-13,6.413333333333331
2011-04-14,6.0079166666666675
2011-04-15,6.517083333333333
2011-04-16,8.929166666666667
2011-04-17,9.672916666666666
2011-04-18,10.040833333333332
2011-04-19,12.102083333333335
2011-04-20,13.42125
2011-04-21,14.643749999999995
2011-04-22,15.275
2011-04-23,15.610416666666666
2011-04-24,14.618333333333332
2011-04-25,11.04
2011-04-26,8.930833333333334
2011-04-27,10.504166666666668
2011-04-28,12.921250000000002
2011-04-29,14.020833333333336
2011-04-30,13.033333333333333
2011-05-01,9.368333333333334
2011-05-02,5.5770833333333325
2011-05-03,4.838333333333333
2011-05-04,4.5425
2011-05-05,8.02375
2011-05-06,12.254166666666668
2011-05-07,15.42875
2011-05-08,14.845833333333335
2011-05-09,16.526666666666667
2011-05-10,17.310416666666665
2011-05-11,16.231666666666666
2011-05-12,14.347083333333336
2011-05-13,12.929583333333332
2011-05-14,12.715833333333334
2011-05-15,10.13625
2011-05-16,10.2425
2011-05-17,14.1725
2011-05-18,16.26083333333333
2011-05-19,16.562916666666666
2011-05-20,15.609583333333333
2011-05-21,16.45791666666667
2011-05-22,18.483333333333334
2011-05-23,15.69791666666667
2011-05-24,15.435
2011-05-25,12.691249999999995
2011-05-26,16.89625
2011-05-27,13.651666666666666
2011-05-28,12.785416666666668
2011-05-29,16.963749999999994
2011-05-30,21.144166666666667
2011-05-31,18.879166666666666
2011-06-01,11.005
2011-06-02,14.955416666666665
2011-06-03,17.603750000000005
2011-06-04,20.835833333333333
2011-06-05,21.8525
2011-06-06,18.805
2011-06-07,18.60583333333333
2011-06-08,15.82416666666667
2011-06-09,14.967083333333333
2011-06-10,14.288333333333332
2011-06-11,14.294166666666667
2011-06-12,15.387916666666667
2011-06-13,15.799583333333333
2011-06-14,16.304166666666667
2011-06-15,18.617916666666666
2011-06-16,19.01333333333334
2011-06-17,16.589583333333334
2011-06-18,15.124583333333335
2011-06-19,13.304583333333332
2011-06-20,13.872916666666667
2011-06-21,16.75125
2011-06-22,17.642916666666668
2011-06-23,16.053333333333335
2011-06-24,13.556666666666667
2011-06-25,12.839166666666667
2011-06-26,17.508333333333336
2011-06-27,20.2025
2011-06-28,21.52875
2011-06-29,20.957916666666666
2011-06-30,13.427083333333336
2011-07-01,11.047083333333333
2011-07-02,11.139583333333334
2011-07-03,10.909166666666666
2011-07-04,14.457499999999998
2011-07-05,15.566250000000002
2011-07-06,19.20625
2011-07-07,20.360833333333336
2011-07-08,18.230833333333333
2011-07-09,20.8225
2011-07-10,19.697500000000005
2011-07-11,18.90625
2011-07-12,19.61458333333334
2011-07-13,19.868333333333336
2011-07-14,15.209166666666665
2011-07-15,15.059583333333334
2011-07-16,18.43125
2011-07-17,16.594583333333333
2011-07-18,14.797083333333335
2011-07-19,17.16875
2011-07-20,18.08875
2011-07-21,15.512083333333333
2011-07-22,13.619166666666667
2011-07-23,13.012083333333335
2011-07-24,13.114166666666666
2011-07-25,13.169999999999995
2011-07-26,16.18625
2011-07-27,19.114166666666673
2011-07-28,18.10875
2011-07-29,16.782083333333333
2011-07-30,12.9625
2011-07-31,12.864583333333336
2011-08-01,15.010833333333332
2011-08-02,17.688749999999995
2011-08-03,20.5525
2011-08-04,19.814166666666672
2011-08-05,19.384166666666676
2011-08-06,21.6325
2011-08-07,17.990416666666672
2011-08-08,14.36
2011-08-09,13.194583333333336
2011-08-10,13.605833333333333
2011-08-11,18.226666666666667
2011-08-12,17.18
2011-08-13,16.99958333333333
2011-08-14,19.020416666666666
2011-08-15,16.79375
2011-08-16,16.250833333333336
2011-08-17,19.275416666666665
2011-08-18,21.60958333333333
2011-08-19,17.81875
2011-08-20,16.421666666666667
2011-08-21,18.62625
2011-08-22,21.272500000000004
2011-08-23,21.51250000000001
2011-08-24,22.36791666666667
2011-08-25,19.707083333333333
2011-08-26,24.70625
2011-08-27,14.68458333333333
2011-08-28,14.589166666666666
2011-08-29,14.69625
2011-08-30,12.325833333333335
2011-08-31,11.87625
2011-09-01,14.225
2011-09-02,16.264583333333327
2011-09-03,19.56416666666666
2011-09-04,20.91166666666666
2011-09-05,17.309166666666666
2011-09-06,15.930416666666664
2011-09-07,15.125416666666672
2011-09-08,12.380833333333333
2011-09-09,15.0925
2011-09-10,20.035
2011-09-11,20.270416666666666
2011-09-12,16.760833333333334
2011-09-13,17.541249999999998
2011-09-14,14.152500000000002
2011-09-15,12.485416666666667
2011-09-16,12.21
2011-09-17,16.557916666666667
2011-09-18,12.480000000000002
2011-09-19,11.531666666666665
2011-09-20,11.31
2011-09-21,12.07958333333333
2011-09-22,13.195
2011-09-23,11.512916666666667
2011-09-24,11.840416666666668
2011-09-25,13.575833333333335
2011-09-26,15.888750000000002
2011-09-27,15.34083333333333
2011-09-28,15.199166666666665
2011-09-29,14.452916666666667
2011-09-30,15.47375
2011-10-01,15.777500000000005
2011-10-02,15.777083333333335
2011-10-03,16.069583333333338
2011-10-04,17.466666666666665
2011-10-05,15.838333333333333
2011-10-06,13.647916666666665
2011-10-07,8.271666666666668
2011-10-08,6.501249999999999
2011-10-09,6.628333333333334
2011-10-10,11.878333333333332
2011-10-11,14.529583333333333
2011-10-12,8.337083333333332
2011-10-13,7.588750000000001
2011-10-14,3.269166666666667
2011-10-15,3.0716666666666668
2011-10-16,6.034583333333333
2011-10-17,6.79625
2011-10-18,8.54125
2011-10-19,6.405833333333333
2011-10-20,4.888333333333334
2011-10-21,2.2591666666666668
2011-10-22,2.10375
2011-10-23,3.78125
2011-10-24,7.7491666666666665
2011-10-25,7.6575
2011-10-26,9.142499999999997
2011-10-27,6.506666666666668
2011-10-28,10.63625
2011-10-29,9.169166666666667
2011-10-30,10.45
2011-10-31,9.966666666666667
2011-11-01,7.221666666666665
2011-11-02,7.300833333333332
2011-11-03,8.394166666666667
2011-11-04,7.296666666666668
2011-11-05,6.5974999999999975
2011-11-06,6.810416666666669
2011-11-07,4.871250000000002
2011-11-08,4.31625
2011-11-09,2.779166666666667
2011-11-10,3.2870833333333334
2011-11-11,1.637916666666667
2011-11-12,1.5154166666666669
2011-11-13,0.9966666666666664
2011-11-14,-0.565
2011-11-15,-3.0579166666666664
2011-11-16,-2.5533333333333332
2011-11-17,-1.0524999999999998
2011-11-18,2.19125
2011-11-19,4.336666666666667
2011-11-20,2.294166666666667
2011-11-21,5.141249999999999
2011-11-22,2.5041666666666664
2011-11-23,2.3379166666666658
2011-11-24,1.5129166666666665
2011-11-25,1.6874999999999998
2011-11-26,4.732916666666667
2011-11-27,6.057083333333335
2011-11-28,4.47
2011-11-29,0.022500000000000187
2011-11-30,5.747916666666666
2011-12-01,3.775416666666667
2011-12-02,7.9004166666666675
2011-12-03,3.4275
2011-12-04,6.684166666666669
2011-12-05,2.6870833333333337
2011-12-06,1.372083333333333
2011-12-07,2.747916666666667
2011-12-08,4.591666666666668
2011-12-09,4.790416666666668
2011-12-10,1.76
2011-12-11,-0.74125
2011-12-12,4.110416666666668
2011-12-13,4.7125
2011-12-14,5.49875
2011-12-15,3.76625
2011-12-16,4.045416666666665
2011-12-17,2.4137500000000003
2011-12-18,1.044583333333333
2011-12-19,-0.18124999999999994
2011-12-20,-0.45625
2011-12-21,2.3720833333333333
2011-12-22,2.3729166666666672
2011-12-23,6.262083333333334
2011-12-24,3.910833333333333
2011-12-25,3.300416666666667
2011-12-26,7.105
2011-12-27,6.7020833333333325
2011-12-28,4.793333333333334
2011-12-29,3.7570833333333336
2011-12-30,1.8270833333333327
2011-12-31,1.7029166666666662
2012-01-01,7.7558333333333325
2012-01-02,8.660833333333334
2012-01-03,5.07875
2012-01-04,5.019583333333334
2012-01-05,3.2745833333333327
2012-01-06,2.4604166666666667
2012-01-07,3.15625
2012-01-08,3.212916666666666
2012-01-09,3.474583333333333
2012-01-10,4.614583333333334
2012-01-11,6.007083333333332
2012-01-12,6.12375
2012-01-13,1.7266666666666668
2012-01-14,1.0029166666666671
2012-01-15,-1.7229166666666662
2012-01-16,-1.7533333333333332
2012-01-17,-0.15333333333333335
2012-01-18,-0.6158333333333331
2012-01-19,3.1008333333333336
2012-01-20,1.5249999999999997
2012-01-21,1.95
2012-01-22,3.7841666666666662
2012-01-23,3.2487500000000007
2012-01-24,1.2504166666666667
2012-01-25,0.6304166666666667
2012-01-26,-1.924583333333333
2012-01-27,-1.6770833333333337
2012-01-28,-2.35
2012-01-29,-6.137083333333332
2012-01-30,-7.344583333333335
2012-01-31,-9.651666666666666
2012-02-01,-12.00416666666667
2012-02-02,-14.52875
2012-02-03,-14.454999999999998
2012-02-04,-12.807083333333335
2012-02-05,-14.607083333333335
2012-02-06,-16.445833333333336
2012-02-07,-15.390416666666674
2012-02-08,-10.149583333333334
2012-02-09,-9.5475
2012-02-10,-11.719166666666665
2012-02-11,-13.554166666666667
2012-02-12,-11.69375
2012-02-13,-3.65875
2012-02-14,-0.7337500000000002
2012-02-15,2.564583333333333
2012-02-16,1.5729166666666667
2012-02-17,4.59625
2012-02-18,5.265416666666668
2012-02-19,3.9179166666666654
2012-02-20,0.5616666666666666
2012-02-21,0.6608333333333335
2012-02-22,5.766249999999999
2012-02-23,7.5545833333333325
2012-02-24,9.707083333333337
2012-02-25,6.051666666666668
2012-02-26,4.07375
2012-02-27,2.372916666666667
2012-02-28,6.9070833333333335
2012-02-29,9.93
2012-03-01,10.336666666666666
2012-03-02,7.315416666666668
2012-03-03,6.237916666666668
2012-03-04,7.277916666666666
2012-03-05,4.463333333333334
2012-03-06,3.87625
2012-03-07,2.995000000000001
2012-03-08,4.4575000000000005
2012-03-09,3.9066666666666654
2012-03-10,7.246249999999999
2012-03-11,7.257083333333331
2012-03-12,8.021666666666668
2012-03-13,6.659583333333334
2012-03-14,5.6070833333333345
2012-03-15,7.65791666666667
2012-03-16,11.020833333333336
2012-03-17,12.63125
2012-03-18,10.035416666666666
2012-03-19,6.4787500000000025
2012-03-20,6.053750000000001
2012-03-21,9.625
2012-03-22,8.931666666666667
2012-03-23,8.482083333333334
2012-03-24,9.555833333333334
2012-03-25,10.738333333333335
2012-03-26,8.325833333333334
2012-03-27,9.654583333333333
2012-03-28,12.227083333333333
2012-03-29,8.871666666666664
2012-03-30,7.629166666666666
2012-03-31,6.27375
2012-04-01,4.520416666666667
2012-04-02,7.210416666666667
2012-04-03,9.755
2012-04-04,7.334583333333334
2012-04-05,3.9483333333333337
2012-04-06,2.936666666666667
2012-04-07,2.7245833333333334
2012-04-08,1.4158333333333333
2012-04-09,3.7929166666666654
2012-04-10,12.664583333333333
2012-04-11,9.32
2012-04-12,7.759166666666666
2012-04-13,7.342083333333335
2012-04-14,6.579583333333333
2012-04-15,7.7633333333333345
2012-04-16,5.8570833333333345
2012-04-17,5.12125
2012-04-18,7.0495833333333335
2012-04-19,9.069166666666666
2012-04-20,9.697916666666666
2012-04-21,8.890000000000002
2012-04-22,8.86875
2012-04-23,7.963333333333333
2012-04-24,8.662083333333333
2012-04-25,11.366666666666667
2012-04-26,14.803333333333335
2012-04-27,17.32041666666667
2012-04-28,21.74125
2012-04-29,21.822499999999994
2012-04-30,18.064166666666672
2012-05-01,16.930416666666666
2012-05-02,17.865
2012-05-03,15.0
2012-05-04,14.795000000000002
2012-05-05,11.297083333333333
2012-05-06,6.6375
2012-05-07,9.88625
2012-05-08,14.266666666666673
2012-05-09,15.986666666666665
2012-05-10,20.38375
2012-05-11,22.58875
2012-05-12,10.84125
2012-05-13,7.288333333333332
2012-05-14,10.185
2012-05-15,10.493333333333334
2012-05-16,8.47875
2012-05-17,8.96375
2012-05-18,12.723333333333334
2012-05-19,18.085
2012-05-20,20.703750000000007
2012-05-21,20.873333333333328
2012-05-22,22.26291666666667
2012-05-23,22.95875
2012-05-24,19.627916666666668
2012-05-25,16.438750000000002
2012-05-26,16.67291666666667
2012-05-27,17.76125
2012-05-28,18.2575
2012-05-29,17.552916666666665
2012-05-30,16.40458333333333
2012-05-31,15.3025
2012-06-01,12.650000000000004
2012-06-02,12.15916666666667
2012-06-03,9.22375
2012-06-04,11.816249999999998
2012-06-05,9.89958333333333
2012-06-06,10.801250000000005
2012-06-07,16.910416666666666
2012-06-08,19.464166666666664
2012-06-09,17.294999999999998
2012-06-10,15.312083333333339
2012-06-11,15.557083333333333
2012-06-12,15.17416666666667
2012-06-13,14.092083333333333
2012-06-14,11.855000000000002
2012-06-15,16.594166666666666
2012-06-16,19.003333333333334
2012-06-17,18.233333333333327
2012-06-18,21.26125
2012-06-19,19.718333333333327
2012-06-20,16.935
2012-06-21,15.046666666666667
2012-06-22,18.36083333333333
2012-06-23,16.93875
2012-06-24,16.90375
2012-06-25,14.611250000000005
2012-06-26,13.863749999999998
2012-06-27,16.232916666666664
2012-06-28,21.113333333333333
2012-06-29,24.893333333333334
2012-06-30,24.44125
2012-07-01,19.045
2012-07-02,16.672083333333333
2012-07-03,18.185416666666672
2012-07-04,21.031666666666673
2012-07-05,19.629166666666666
2012-07-06,20.144166666666667
2012-07-07,19.507916666666674
2012-07-08,19.780833333333334
2012-07-09,18.835416666666667
2012-07-10,19.212916666666665
2012-07-11,17.484583333333333
2012-07-12,14.32333333333333
2012-07-13,14.194166666666668
2012-07-14,15.785833333333334
2012-07-15,15.990000000000006
2012-07-16,15.3725
2012-07-17,15.762083333333333
2012-07-18,19.095
2012-07-19,18.721666666666664
2012-07-20,15.573750000000004
2012-07-21,13.819999999999995
2012-07-22,14.344583333333334
2012-07-23,17.392916666666665
2012-07-24,21.3975
2012-07-25,25.10875
2012-07-26,25.2525
2012-07-27,25.647916666666664
2012-07-28,21.69583333333333
2012-07-29,18.960833333333326
2012-07-30,16.573333333333334
2012-07-31,17.598333333333333
2012-08-01,21.047916666666666
2012-08-02,23.68125
2012-08-03,20.985833333333336
2012-08-04,21.16875
2012-08-05,19.275416666666672
2012-08-06,20.16958333333333
2012-08-07,17.917916666666667
2012-08-08,18.157916666666672
2012-08-09,17.099166666666665
2012-08-10,16.190416666666664
2012-08-11,15.98708333333333
2012-08-12,15.88375
2012-08-13,17.608750000000004
2012-08-14,18.485
2012-08-15,19.751666666666665
2012-08-16,17.412083333333335
2012-08-17,18.382500000000004
2012-08-18,21.91125000000001
2012-08-19,26.132500000000004
2012-08-20,27.59708333333332
2012-08-21,25.39125000000001
2012-08-22,21.97666666666667
2012-08-23,18.648333333333326
2012-08-24,17.920416666666664
2012-08-25,21.022083333333327
2012-08-26,16.92375
2012-08-27,16.70375
2012-08-28,18.575416666666676
2012-08-29,21.465833333333336
2012-08-30,18.827083333333327
2012-08-31,15.6775
2012-09-01,14.854583333333338
2012-09-02,14.8025
2012-09-03,17.226249999999997
2012-09-04,16.855416666666667
2012-09-05,14.083333333333336
2012-09-06,14.0425
2012-09-07,14.714999999999998
2012-09-08,19.342916666666667
2012-09-09,20.3925
2012-09-10,22.5175
2012-09-11,19.185833333333328
2012-09-12,11.996250000000005
2012-09-13,11.637499999999996
2012-09-14,12.79375
2012-09-15,14.134166666666665
2012-09-16,14.360416666666666
2012-09-17,15.547083333333333
2012-09-18,16.511666666666667
2012-09-19,11.674583333333333
2012-09-20,9.78
2012-09-21,10.805
2012-09-22,11.870416666666666
2012-09-23,9.489166666666668
2012-09-24,14.751249999999995
2012-09-25,15.112916666666667
2012-09-26,16.046250000000004
2012-09-27,12.921250000000002
2012-09-28,13.456666666666667
2012-09-29,11.691249999999998
2012-09-30,10.251666666666667
2012-10-01,11.294583333333335
2012-10-02,13.117916666666673
2012-10-03,14.17375
2012-10-04,13.204166666666666
2012-10-05,12.649166666666664
2012-10-06,14.88
2012-10-07,9.729166666666666
2012-10-08,8.642083333333334
2012-10-09,7.982499999999999
2012-10-10,6.2425
2012-10-11,7.061666666666667
2012-10-12,7.440416666666668
2012-10-13,9.400416666666663
2012-10-14,9.249166666666667
2012-10-15,8.368333333333336
2012-10-16,8.115833333333333
2012-10-17,10.560416666666667
2012-10-18,13.097083333333336
2012-10-19,15.319166666666666
2012-10-20,14.471666666666666
2012-10-21,12.524166666666664
2012-10-22,8.761666666666665
2012-10-23,9.912916666666666
2012-10-24,7.6308333333333325
2012-10-25,9.026666666666666
2012-10-26,3.776249999999999
2012-10-27,0.12875
2012-10-28,-0.003333333333333318
2012-10-29,-0.9512500000000004
2012-10-30,2.98875
2012-10-31,4.605416666666666
2012-11-01,6.336666666666666
2012-11-02,8.030416666666667
2012-11-03,8.219583333333334
2012-11-04,8.057083333333335
2012-11-05,7.871666666666663
2012-11-06,4.667500000000001
2012-11-07,8.270000000000001
2012-11-08,7.620416666666667
2012-11-09,7.565416666666668
2012-11-10,6.779166666666666
2012-11-11,8.98875
2012-11-12,6.704166666666668
2012-11-13,2.27875
2012-11-14,0.3645833333333335
2012-11-15,-1.0479166666666668
2012-11-16,1.0595833333333329
2012-11-17,1.0945833333333337
2012-11-18,4.792083333333333
2012-11-19,6.007916666666668
2012-11-20,4.128333333333333
2012-11-21,5.441666666666666
2012-11-22,5.777916666666666
2012-11-23,3.5204166666666667
2012-11-24,7.618749999999999
2012-11-25,9.709583333333333
2012-11-26,6.670416666666665
2012-11-27,7.923750000000001
2012-11-28,5.308333333333335
2012-11-29,1.91125
2012-11-30,0.5162500000000002
2012-12-01,-2.203333333333333
2012-12-02,-0.5045833333333335
2012-12-03,0.4120833333333334
2012-12-04,2.2220833333333334
2012-12-05,-0.08416666666666661
2012-12-06,-1.9229166666666668
2012-12-07,-4.62125
2012-12-08,-7.8233333333333315
2012-12-09,-3.7633333333333336
2012-12-10,1.0216666666666665
2012-12-11,-3.2949999999999995
2012-12-12,-4.1883333333333335
2012-12-13,-3.9129166666666655
2012-12-14,0.30666666666666675
2012-12-15,4.425833333333333
2012-12-16,4.4070833333333335
2012-12-17,3.6279166666666662
2012-12-18,3.954583333333334
2012-12-19,2.7687499999999994
2012-12-20,1.2108333333333332
2012-12-21,-0.6099999999999998
2012-12-22,1.7308333333333337
2012-12-23,6.945833333333334
2012-12-24,8.574583333333335
2012-12-25,10.286666666666667
2012-12-26,7.0904166666666635
2012-12-27,7.42625
2012-12-28,1.7116666666666662
2012-12-29,6.430416666666668
2012-12-30,6.791666666666665
2012-12-31,7.14125
2013-01-01,6.1937500000000005
2013-01-02,4.035833333333334
2013-01-03,6.4554166666666655
2013-01-04,9.503333333333332
2013-01-05,7.439999999999999
2013-01-06,6.396666666666667
2013-01-07,5.345416666666666
2013-01-08,4.960833333333333
2013-01-09,5.488333333333332
2013-01-10,3.0308333333333337
2013-01-11,-1.622083333333333
2013-01-12,-3.0895833333333336
2013-01-13,-4.484583333333334
2013-01-14,-3.549583333333333
2013-01-15,-5.329583333333333
2013-01-16,-4.075833333333333
2013-01-17,-3.469583333333333
2013-01-18,-4.624583333333334
2013-01-19,-6.937916666666666
2013-01-20,-6.431250000000001
2013-01-21,-6.4991666666666665
2013-01-22,-7.434583333333332
2013-01-23,-7.0858333333333325
2013-01-24,-6.129583333333333
2013-01-25,-7.01625
2013-01-26,-5.12125
2013-01-27,-0.3316666666666669
2013-01-28,2.6950000000000003
2013-01-29,6.04
2013-01-30,10.145833333333334
2013-01-31,6.4608333333333325
2013-02-01,4.831250000000002
2013-02-02,1.9641666666666664
2013-02-03,1.1291666666666669
2013-02-04,3.8566666666666674
2013-02-05,2.879166666666667
2013-02-06,0.12999999999999987
2013-02-07,0.2433333333333333
2013-02-08,-1.4908333333333337
2013-02-09,-3.0204166666666667
2013-02-10,-3.0087500000000005
2013-02-11,-4.535833333333334
2013-02-12,-2.535
2013-02-13,-2.5758333333333336
2013-02-14,-2.51
2013-02-15,-0.4837499999999999
2013-02-16,1.2404166666666667
2013-02-17,0.81
2013-02-18,0.2433333333333333
2013-02-19,0.0854166666666667
2013-02-20,-2.0245833333333336
2013-02-21,-4.340416666666667
2013-02-22,-5.212916666666667
2013-02-23,-4.609583333333334
2013-02-24,-1.1587500000000002
2013-02-25,0.13916666666666666
2013-02-26,0.060416666666666674
2013-02-27,-0.5899999999999999
2013-02-28,0.2745833333333333
2013-03-01,0.8341666666666668
2013-03-02,0.74625
2013-03-03,0.9208333333333334
2013-03-04,2.8745833333333324
2013-03-05,4.742916666666666
2013-03-06,5.224166666666666
2013-03-07,4.070416666666667
2013-03-08,3.0225000000000004
2013-03-09,1.0029166666666671
2013-03-10,1.2066666666666668
2013-03-11,-5.258333333333334
2013-03-12,-5.399583333333332
2013-03-13,-5.7737500000000015
2013-03-14,-6.260416666666668
2013-03-15,-3.8995833333333336
2013-03-16,-2.04375
2013-03-17,2.180833333333333
2013-03-18,1.1108333333333336
2013-03-19,0.1458333333333334
2013-03-20,0.19
2013-03-21,-0.27374999999999994
2013-03-22,-2.80125
2013-03-23,-4.8125
2013-03-24,-5.617916666666668
2013-03-25,-3.9716666666666662
2013-03-26,-2.86125
2013-03-27,-2.369166666666667
2013-03-28,-0.20250000000000007
2013-03-29,0.4379166666666667
2013-03-30,-0.2041666666666667
2013-03-31,-1.5020833333333334
2013-04-01,-0.61
2013-04-02,-0.12124999999999993
2013-04-03,-0.6316666666666667
2013-04-04,-0.1449999999999999
2013-04-05,0.5020833333333333
2013-04-06,0.4608333333333334
2013-04-07,2.1129166666666666
2013-04-08,2.7504166666666663
2013-04-09,6.279166666666666
2013-04-10,6.407916666666666
2013-04-11,10.702083333333333
2013-04-12,10.455
2013-04-13,10.055416666666666
2013-04-14,11.71875
2013-04-15,17.205416666666665
2013-04-16,15.7575
2013-04-17,16.88958333333333
2013-04-18,18.1675
2013-04-19,12.2525
2013-04-20,7.899999999999999
2013-04-21,10.848333333333334
2013-04-22,10.870833333333332
2013-04-23,13.048333333333336
2013-04-24,15.590833333333338
2013-04-25,16.659166666666664
2013-04-26,16.003333333333334
2013-04-27,5.874166666666667
2013-04-28,6.555833333333335
2013-04-29,10.254583333333333
2013-04-30,8.291250000000002
2013-05-01,9.75125
2013-05-02,10.386250000000002
2013-05-03,11.564583333333333
2013-05-04,10.949583333333335
2013-05-05,14.200416666666666
2013-05-06,15.028333333333334
2013-05-07,14.606249999999998
2013-05-08,17.24625
2013-05-09,15.893333333333333
2013-05-10,14.953333333333333
2013-05-11,12.250416666666665
2013-05-12,9.566249999999998
2013-05-13,9.057916666666667
2013-05-14,13.408333333333333
2013-05-15,17.242499999999996
2013-05-16,17.449583333333333
2013-05-17,17.52916666666667
2013-05-18,13.292916666666665
2013-05-19,13.75166666666667
2013-05-20,12.7875
2013-05-21,12.387083333333333
2013-05-22,8.925
2013-05-23,8.761249999999999
2013-05-24,6.9
2013-05-25,8.58708333333333
2013-05-26,7.704583333333333
2013-05-27,9.128333333333336
2013-05-28,13.500416666666668
2013-05-29,11.642083333333332
2013-05-30,10.13375
2013-05-31,13.2125
2013-06-01,12.56375
2013-06-02,9.180833333333334
2013-06-03,10.910833333333334
2013-06-04,13.374166666666666
2013-06-05,14.889999999999995
2013-06-06,15.499583333333335
2013-06-07,17.950833333333332
2013-06-08,18.645416666666666
2013-06-09,15.427916666666668
2013-06-10,13.94333333333333
2013-06-11,15.586249999999998
2013-06-12,18.642916666666665
2013-06-13,20.65375
2013-06-14,15.060000000000002
2013-06-15,16.685
2013-06-16,17.258333333333336
2013-06-17,19.764166666666668
2013-06-18,23.77125
2013-06-19,27.273750000000003
2013-06-20,23.86333333333333
2013-06-21,19.344166666666666
2013-06-22,18.84833333333333
2013-06-23,17.910416666666666
2013-06-24,15.42291666666666
2013-06-25,12.246249999999998
2013-06-26,11.412083333333333
2013-06-27,12.381666666666668
2013-06-28,13.650416666666667
2013-06-29,13.655833333333335
2013-06-30,13.362916666666667
2013-07-01,19.079166666666676
2013-07-02,19.627083333333328
2013-07-03,18.73
2013-07-04,19.358333333333334
2013-07-05,19.454166666666666
2013-07-06,19.349166666666672
2013-07-07,19.06125
2013-07-08,19.49875
2013-07-09,20.459166666666672
2013-07-10,19.072083333333328
2013-07-11,15.94041666666667
2013-07-12,17.63375
2013-07-13,17.522500000000004
2013-07-14,18.040833333333328
2013-07-15,17.777916666666666
2013-07-16,19.60416666666667
2013-07-17,20.285416666666666
2013-07-18,21.27
2013-07-19,21.402500000000003
2013-07-20,19.175416666666667
2013-07-21,21.58166666666667
2013-07-22,23.20125
2013-07-23,23.625000000000004
2013-07-24,21.412500000000005
2013-07-25,21.6575
2013-07-26,24.4975
2013-07-27,26.31125
2013-07-28,25.86750000000001
2013-07-29,19.63333333333333
2013-07-30,19.93666666666667
2013-07-31,20.3425
2013-08-01,22.544583333333332
2013-08-02,26.27583333333333
2013-08-03,25.067916666666665
2013-08-04,21.095833333333328
2013-08-05,22.819166666666664
2013-08-06,22.051666666666666
2013-08-07,20.445416666666667
2013-08-08,20.63333333333334
2013-08-09,16.90583333333333
2013-08-10,18.61
2013-08-11,16.517916666666668
2013-08-12,16.482083333333332
2013-08-13,14.396666666666665
2013-08-14,14.716666666666665
2013-08-15,15.783333333333333
2013-08-16,18.945416666666667
2013-08-17,20.7075
2013-08-18,19.236666666666665
2013-08-19,18.135833333333327
2013-08-20,16.1025
2013-08-21,16.58125
2013-08-22,17.58875
2013-08-23,16.026249999999994
2013-08-24,18.98375
2013-08-25,16.65666666666667
2013-08-26,16.498750000000005
2013-08-27,16.219166666666666
2013-08-28,16.30083333333333
2013-08-29,17.102499999999996
2013-08-30,18.003333333333334
2013-08-31,17.826666666666664
2013-09-01,14.179166666666667
2013-09-02,15.343333333333335
2013-09-03,18.76375
2013-09-04,19.512916666666676
2013-09-05,20.402500000000003
2013-09-06,21.527916666666666
2013-09-07,22.23416666666667
2013-09-08,18.175
2013-09-09,12.92708333333333
2013-09-10,12.601250000000002
2013-09-11,11.42375
2013-09-12,11.522083333333333
2013-09-13,13.41125
2013-09-14,13.678333333333335
2013-09-15,14.04416666666667
2013-09-16,12.696666666666667
2013-09-17,9.663750000000002
2013-09-18,10.427916666666668
2013-09-19,11.061666666666667
2013-09-20,12.347916666666665
2013-09-21,12.747083333333334
2013-09-22,13.035416666666665
2013-09-23,15.472500000000002
2013-09-24,15.269999999999998
2013-09-25,14.49875
2013-09-26,12.63375
2013-09-27,7.8495833333333325
2013-09-28,8.069583333333332
2013-09-29,10.018333333333333
2013-09-30,9.052083333333332
2013-10-01,7.550833333333332
2013-10-02,7.206666666666668
2013-10-03,7.733749999999998
2013-10-04,9.598333333333334
2013-10-05,11.500000000000002
2013-10-06,11.698750000000002
2013-10-07,13.55625
2013-10-08,13.228333333333332
2013-10-09,13.545833333333334
2013-10-10,8.437500000000002
2013-10-11,6.73375
2013-10-12,5.286666666666666
2013-10-13,6.776666666666666
2013-10-14,7.815000000000001
2013-10-15,10.1675
2013-10-16,8.910833333333334
2013-10-17,10.69
2013-10-18,10.347083333333334
2013-10-19,9.944583333333336
2013-10-20,15.235416666666667
2013-10-21,15.381666666666662
2013-10-22,15.667083333333332
2013-10-23,16.31333333333333
2013-10-24,14.02375
2013-10-25,11.617083333333332
2013-10-26,17.64791666666667
2013-10-27,15.106666666666666
2013-10-28,15.936666666666667
2013-10-29,11.877916666666666
2013-10-30,8.179999999999998
2013-10-31,4.595416666666668
2013-11-01,6.377499999999999
2013-11-02,11.82375
2013-11-03,9.524583333333332
2013-11-04,8.944999999999997
2013-11-05,6.391666666666668
2013-11-06,7.629583333333334
2013-11-07,13.557083333333333
2013-11-08,10.71625
2013-11-09,9.155416666666667
2013-11-10,5.7754166666666675
2013-11-11,5.009166666666668
2013-11-12,2.45875
2013-11-13,5.064166666666666
2013-11-14,0.8245833333333334
2013-11-15,1.6725
2013-11-16,2.7466666666666666
2013-11-17,0.4475
2013-11-18,4.392083333333333
2013-11-19,5.2304166666666685
2013-11-20,2.5625000000000004
2013-11-21,1.808333333333333
2013-11-22,2.473333333333334
2013-11-23,4.13625
2013-11-24,2.7237499999999994
2013-11-25,-0.2045833333333333
2013-11-26,-0.82
2013-11-27,-1.87125
2013-11-28,3.273750000000001
2013-11-29,4.194583333333333
2013-11-30,3.8433333333333337
2013-12-01,4.672916666666667
2013-12-02,4.059583333333333
2013-12-03,-0.8891666666666668
2013-12-04,-0.3233333333333329
2013-12-05,2.5975
2013-12-06,1.1516666666666666
2013-12-07,1.5133333333333334
2013-12-08,5.295
2013-12-09,7.838333333333334
2013-12-10,7.3570833333333345
2013-12-11,3.52375
2013-12-12,0.8441666666666664
2013-12-13,0.0050000000000000044
2013-12-14,0.1845833333333334
2013-12-15,3.125
2013-12-16,5.569999999999999
2013-12-17,4.5175
2013-12-18,2.25625
2013-12-19,5.279583333333334
2013-12-20,4.660416666666666
2013-12-21,3.270833333333333
2013-12-22,9.170833333333334
2013-12-23,7.192916666666667
2013-12-24,9.707499999999998
2013-12-25,7.5058333333333325
2013-12-26,5.3012500000000005
2013-12-27,5.8500000000000005
2013-12-28,8.243750000000002
2013-12-29,5.202083333333333
2013-12-30,1.1145833333333333
2013-12-31,2.1275000000000004
2014-01-01,2.13375
2014-01-02,5.032916666666668
2014-01-03,6.335000000000001
2014-01-04,7.007499999999999
2014-01-05,5.804166666666667
2014-01-06,5.6170833333333325
2014-01-07,9.755
2014-01-08,9.703749999999998
2014-01-09,8.614166666666666
2014-01-10,5.409583333333334
2014-01-11,3.3679166666666664
2014-01-12,2.4562500000000003
2014-01-13,0.8116666666666665
2014-01-14,2.455833333333333
2014-01-15,2.7191666666666667
2014-01-16,4.155
2014-01-17,5.836666666666666
2014-01-18,3.467916666666666
2014-01-19,1.8383333333333327
2014-01-20,-0.7287500000000001
2014-01-21,-1.254166666666667
2014-01-22,-1.57875
2014-01-23,-2.83875
2014-01-24,-3.15125
2014-01-25,-7.6462499999999975
2014-01-26,-7.538333333333332
2014-01-27,1.0991666666666666
2014-01-28,0.0020833333333333728
2014-01-29,-3.549166666666667
2014-01-30,-1.0520833333333333
2014-01-31,-0.9349999999999996
2014-02-01,3.6108333333333333
2014-02-02,2.5483333333333342
2014-02-03,0.5650000000000001
2014-02-04,1.7466666666666668
2014-02-05,1.3958333333333333
2014-02-06,5.6762500000000005
2014-02-07,8.86
2014-02-08,5.893333333333333
2014-02-09,5.465833333333332
2014-02-10,3.807916666666667
2014-02-11,4.82875
2014-02-12,3.515416666666667
2014-02-13,5.4425
2014-02-14,5.112916666666668
2014-02-15,8.840833333333334
2014-02-16,6.24375
2014-02-17,4.432916666666666
2014-02-18,3.0224999999999995
2014-02-19,6.365833333333333
2014-02-20,5.926666666666666
2014-02-21,6.189583333333334
2014-02-22,4.379166666666666
2014-02-23,4.641666666666667
2014-02-24,5.830416666666667
2014-02-25,6.649583333333332
2014-02-26,7.468333333333333
2014-02-27,6.9854166666666675
2014-02-28,4.658333333333334
2014-03-01,4.814166666666667
2014-03-02,4.038333333333334
2014-03-03,4.258333333333334
2014-03-04,5.270833333333333
2014-03-05,3.631250000000001
2014-03-06,5.111666666666666
2014-03-07,4.162916666666667
2014-03-08,5.639166666666667
2014-03-09,7.381666666666668
2014-03-10,8.089166666666667
2014-03-11,6.205416666666667
2014-03-12,5.639166666666667
2014-03-13,7.880416666666665
2014-03-14,7.789583333333334
2014-03-15,8.078333333333335
2014-03-16,9.65708333333333
2014-03-17,10.119583333333333
2014-03-18,9.97625
2014-03-19,10.153749999999997
2014-03-20,15.131891891891891
2014-03-21,15.66780487804878
2014-03-22,9.078333333333337
2014-03-23,6.250416666666666
2014-03-24,4.4195833333333345
2014-03-25,2.9258333333333333
2014-03-26,3.9733333333333327
2014-03-27,8.017083333333334
2014-03-28,5.605416666666666
2014-03-29,9.113333333333333
2014-03-30,10.330416666666666
2014-03-31,10.58125
2014-04-01,11.463333333333333
2014-04-02,13.908333333333333
2014-04-03,14.419583333333335
2014-04-04,12.882083333333336
2014-04-05,11.357083333333335
2014-04-06,13.295416666666668
2014-04-07,14.886666666666665
2014-04-08,12.97125
2014-04-09,8.273750000000001
2014-04-10,9.152083333333334
2014-04-11,10.187499999999998
2014-04-12,11.48875
2014-04-13,11.811666666666666
2014-04-14,7.15625
2014-04-15,4.9175
2014-04-16,6.062083333333334
2014-04-17,6.957916666666666
2014-04-18,5.881666666666668
2014-04-19,7.245833333333333
2014-04-20,13.394999999999998
2014-04-21,10.941249999999998
2014-04-22,13.457083333333335
2014-04-23,13.890416666666665
2014-04-24,13.0725
2014-04-25,15.059583333333334
2014-04-26,15.261666666666672
2014-04-27,12.784583333333332
2014-04-28,13.047083333333333
2014-04-29,13.802083333333336
2014-04-30,14.154583333333333
2014-05-01,12.347916666666668
2014-05-02,7.1729166666666675
2014-05-03,6.800833333333336
2014-05-04,6.521666666666667
2014-05-05,9.28625
2014-05-06,13.908333333333333
2014-05-07,14.625833333333327
2014-05-08,12.986666666666665
2014-05-09,14.252083333333335
2014-05-10,11.370833333333335
2014-05-11,10.885833333333332
2014-05-12,10.955
2014-05-13,9.680833333333334
2014-05-14,8.61916666666667
2014-05-15,9.218333333333335
2014-05-16,11.892083333333336
2014-05-17,12.7625
2014-05-18,10.904166666666667
2014-05-19,15.540416666666665
2014-05-20,18.981666666666666
2014-05-21,21.05375
2014-05-22,22.68166666666666
2014-05-23,17.06458333333333
2014-05-24,15.181666666666667
2014-05-25,15.744166666666665
2014-05-26,18.40375
2014-05-27,15.91625
2014-05-28,11.180416666666664
2014-05-29,8.37375
2014-05-30,11.632083333333332
2014-05-31,13.649166666666664
2014-06-01,13.184583333333334
2014-06-02,14.188333333333334
2014-06-03,15.296666666666667
2014-06-04,16.59208333333333
2014-06-05,15.18333333333333
2014-06-06,17.565833333333334
2014-06-07,21.767916666666668
2014-06-08,25.555
2014-06-09,24.48833333333334
2014-06-10,24.84541666666666
2014-06-11,21.430833333333336
2014-06-12,18.9075
2014-06-13,16.60291666666667
2014-06-14,13.842916666666667
2014-06-15,14.419166666666667
2014-06-16,14.222499999999995
2014-06-17,15.397916666666672
2014-06-18,16.934166666666666
2014-06-19,14.161666666666665
2014-06-20,13.632083333333336
2014-06-21,14.116666666666667
2014-06-22,15.291666666666664
2014-06-23,14.832499999999998
2014-06-24,15.07
2014-06-25,12.165416666666667
2014-06-26,13.537916666666668
2014-06-27,16.937083333333334
2014-06-28,17.97541666666667
2014-06-29,15.858333333333334
2014-06-30,14.780416666666667
2014-07-01,15.142083333333336
2014-07-02,16.0925
2014-07-03,19.1125
2014-07-04,23.478750000000005
2014-07-05,22.57041666666667
2014-07-06,24.21458333333333
2014-07-07,21.44125
2014-07-08,17.901666666666667
2014-07-09,14.563749999999995
2014-07-10,15.950416666666666
2014-07-11,17.479583333333334
2014-07-12,16.842916666666667
2014-07-13,15.800000000000002
2014-07-14,20.390833333333333
2014-07-15,20.999583333333334
2014-07-16,20.92416666666666
2014-07-17,22.622083333333336
2014-07-18,23.136250000000004
2014-07-19,25.646249999999995
2014-07-20,25.904166666666665
2014-07-21,21.319166666666664
2014-07-22,22.786666666666665
2014-07-23,22.63750000000001
2014-07-24,18.945833333333336
2014-07-25,18.1575
2014-07-26,19.40166666666666
2014-07-27,19.761666666666667
2014-07-28,21.01375
2014-07-29,20.82625
2014-07-30,19.27083333333333
2014-07-31,19.99333333333333
2014-08-01,20.165416666666665
2014-08-02,22.35291666666667
2014-08-03,19.55125
2014-08-04,18.967083333333328
2014-08-05,17.02375
2014-08-06,17.625
2014-08-07,18.194166666666664
2014-08-08,19.983333333333327
2014-08-09,21.202083333333327
2014-08-10,20.57625
2014-08-11,19.0375
2014-08-12,17.36
2014-08-13,15.935833333333333
2014-08-14,16.266666666666662
2014-08-15,14.433749999999995
2014-08-16,14.617499999999998
2014-08-17,16.03958333333333
2014-08-18,14.9475
2014-08-19,14.155833333333335
2014-08-20,13.567499999999995
2014-08-21,13.401666666666667
2014-08-22,13.4975
2014-08-23,12.637916666666667
2014-08-24,12.432916666666667
2014-08-25,13.495416666666666
2014-08-26,12.510833333333332
2014-08-27,14.790416666666667
2014-08-28,15.2475
2014-08-29,17.291249999999994
2014-08-30,17.222916666666674
2014-08-31,14.910416666666665
2014-09-01,14.547916666666666
2014-09-02,14.707500000000005
2014-09-03,13.964999999999998
2014-09-04,14.637500000000005
2014-09-05,18.158333333333328
2014-09-06,19.691666666666666
2014-09-07,17.745416666666667
2014-09-08,18.144166666666667
2014-09-09,15.594166666666665
2014-09-10,13.961666666666668
2014-09-11,13.000833333333334
2014-09-12,13.774583333333332
2014-09-13,15.049583333333333
2014-09-14,15.007083333333332
2014-09-15,17.15416666666667
2014-09-16,18.37
2014-09-17,17.056666666666665
2014-09-18,16.23375
2014-09-19,17.99375
2014-09-20,16.028333333333332
2014-09-21,14.03
2014-09-22,10.554166666666664
2014-09-23,11.13125
2014-09-24,8.851176470588236
2014-09-25,13.983999999999998
2014-09-26,13.597500000000002
2014-09-27,15.257916666666665
2014-09-28,13.434583333333334
2014-09-29,17.01416666666667
2014-09-30,17.15125
2014-10-01,16.447916666666668
2014-10-02,15.0775
2014-10-03,13.489583333333336
2014-10-04,12.100833333333336
2014-10-05,11.585833333333332
2014-10-06,11.442916666666667
2014-10-07,13.49125
2014-10-08,15.065
2014-10-09,19.508333333333333
2014-10-10,15.732916666666664
2014-10-11,14.323333333333332
2014-10-12,13.5325
2014-10-13,15.40625
2014-10-14,14.941249999999998
2014-10-15,13.492499999999998
2014-10-16,12.856666666666666
2014-10-17,12.95791666666667
2014-10-18,12.137916666666667
2014-10-19,15.777916666666668
2014-10-20,14.783333333333333
2014-10-21,10.693333333333333
2014-10-22,7.230833333333332
2014-10-23,8.840416666666666
2014-10-24,9.282916666666667
2014-10-25,8.371666666666666
2014-10-26,10.778333333333334
2014-10-27,8.980416666666667
2014-10-28,5.980833333333332
2014-10-29,5.268750000000002
2014-10-30,7.687916666666666
2014-10-31,12.02958333333333
2014-11-01,12.639166666666664
2014-11-02,11.080833333333334
2014-11-03,13.672083333333333
2014-11-04,10.68625
2014-11-05,8.897083333333333
2014-11-06,7.904166666666669
2014-11-07,4.385
2014-11-08,7.989583333333335
2014-11-09,3.983750000000001
2014-11-10,5.584583333333333
2014-11-11,5.989166666666668
2014-11-12,5.520416666666666
2014-11-13,7.92875
2014-11-14,9.817916666666667
2014-11-15,8.539166666666668
2014-11-16,7.431249999999999
2014-11-17,6.155416666666667
2014-11-18,7.002916666666668
2014-11-19,4.423333333333333
2014-11-20,4.583333333333333
2014-11-21,4.806250000000001
2014-11-22,4.545
2014-11-23,5.9241666666666655
2014-11-24,6.7245833333333325
2014-11-25,0.84875
2014-11-26,0.58625
2014-11-27,1.8995833333333327
2014-11-28,1.8220833333333333
2014-11-29,1.7287499999999998
2014-11-30,1.4725
2014-12-01,-1.2395833333333333
2014-12-02,-2.3458333333333337
2014-12-03,-2.9512499999999995
2014-12-04,-1.0025000000000002
2014-12-05,1.3783333333333336
2014-12-06,2.577916666666667
2014-12-07,2.8995833333333336
2014-12-08,2.072083333333333
2014-12-09,-1.602083333333333
2014-12-10,1.5541666666666665
2014-12-11,3.4358333333333326
2014-12-12,6.8829166666666675
2014-12-13,4.5945833333333335
2014-12-14,1.98875
2014-12-15,4.894583333333333
2014-12-16,5.148749999999999
2014-12-17,2.8070833333333334
2014-12-18,9.115
2014-12-19,10.214166666666666
2014-12-20,4.875
2014-12-21,4.945416666666667
2014-12-22,8.097083333333332
2014-12-23,10.164166666666668
2014-12-24,7.481666666666666
2014-12-25,3.815
2014-12-26,0.3666666666666667
2014-12-27,-3.234583333333333
2014-12-28,-5.709583333333334
2014-12-29,-2.35875
2014-12-30,-1.7675
2014-12-31,1.836666666666667
2015-01-01,2.7216666666666662
2015-01-02,3.557916666666667
2015-01-03,2.5345833333333334
2015-01-04,2.5195833333333333
2015-01-05,2.09
2015-01-06,0.36625
2015-01-07,1.9387500000000004
2015-01-08,4.2675
2015-01-09,7.107500000000001
2015-01-10,11.3525
2015-01-11,3.0904166666666666
2015-01-12,5.4208333333333325
2015-01-13,9.404166666666667
2015-01-14,5.800833333333334
2015-01-15,4.661666666666666
2015-01-16,6.511666666666666
2015-01-17,2.734166666666667
2015-01-18,-0.6320833333333334
2015-01-19,-0.8445833333333329
2015-01-20,0.2958333333333333
2015-01-21,-0.7008333333333333
2015-01-22,-1.1491666666666671
2015-01-23,-1.6520833333333338
2015-01-24,-0.8075000000000002
2015-01-25,1.1141666666666667
2015-01-26,1.0908333333333329
2015-01-27,2.313333333333334
2015-01-28,2.6645833333333337
2015-01-29,1.5691666666666666
2015-01-30,1.1633333333333336
2015-01-31,0.08458333333333329
2015-02-01,-0.9362499999999998
2015-02-02,0.5725000000000001
2015-02-03,0.3029166666666668
2015-02-04,-1.7220833333333332
2015-02-05,-2.3995833333333327
2015-02-06,-2.947083333333333
2015-02-07,-1.7049999999999998
2015-02-08,0.6529166666666665
2015-02-09,2.780416666666667
2015-02-10,3.96625
2015-02-11,2.989583333333334
2015-02-12,-1.085
2015-02-13,0.7208333333333337
2015-02-14,1.17875
2015-02-15,-0.7200000000000002
2015-02-16,2.69375
2015-02-17,-0.3741666666666664
2015-02-18,1.6466666666666667
2015-02-19,-0.002499999999999817
2015-02-20,3.090416666666666
2015-02-21,4.571666666666668
2015-02-22,0.6916666666666668
2015-02-23,1.299583333333333
2015-02-24,3.584583333333333
2015-02-25,2.629166666666667
2015-02-26,2.056666666666667
2015-02-27,3.4616666666666664
2015-02-28,2.81
2015-03-01,4.277083333333334
2015-03-02,5.41375
2015-03-03,4.42625
2015-03-04,2.9995833333333333
2015-03-05,3.6408333333333336
2015-03-06,4.848333333333334
2015-03-07,5.318333333333333
2015-03-08,8.978333333333332
2015-03-09,5.460416666666666
2015-03-10,4.5287500000000005
2015-03-11,4.507083333333333
2015-03-12,2.842083333333333
2015-03-13,0.7987500000000001
2015-03-14,1.8775
2015-03-15,3.7045833333333333
2015-03-16,6.507500000000001
2015-03-17,8.972499999999998
2015-03-18,9.190833333333332
2015-03-19,6.3900000000000015
2015-03-20,4.4904166666666665
2015-03-21,2.4425
2015-03-22,0.2208333333333334
2015-03-23,3.52125
2015-03-24,4.7
2015-03-25,8.848333333333333
2015-03-26,7.105416666666668
2015-03-27,6.6016666666666675
2015-03-28,7.565833333333335
2015-03-29,9.698333333333332
2015-03-30,6.06
2015-03-31,6.607916666666667
2015-04-01,2.703333333333333
2015-04-02,2.2845833333333334
2015-04-03,4.0325
2015-04-04,2.2608333333333337
2015-04-05,3.63375
2015-04-06,4.570833333333332
2015-04-07,6.038333333333332
2015-04-08,8.651666666666666
2015-04-09,11.059166666666664
2015-04-10,12.68625
2015-04-11,12.540833333333332
2015-04-12,11.095833333333333
2015-04-13,9.903333333333334
2015-04-14,9.570833333333333
2015-04-15,17.639166666666664
2015-04-16,12.447500000000005
2015-04-17,7.472916666666666
2015-04-18,6.111666666666667
2015-04-19,7.042083333333334
2015-04-20,10.099583333333333
2015-04-21,13.114583333333336
2015-04-22,6.917916666666668
2015-04-23,8.485833333333332
2015-04-24,12.362916666666667
2015-04-25,13.38625
2015-04-26,13.942083333333333
2015-04-27,10.468333333333334
2015-04-28,6.9587499999999975
2015-04-29,8.201250000000002
2015-04-30,9.688333333333334
2015-05-01,9.370833333333334
2015-05-02,9.796666666666667
2015-05-03,11.225416666666666
2015-05-04,17.051666666666662
2015-05-05,19.024166666666673
2015-05-06,15.372083333333338
2015-05-07,12.589583333333332
2015-05-08,13.573333333333334
2015-05-09,15.097500000000002
2015-05-10,13.83875
2015-05-11,15.429583333333335
2015-05-12,19.299583333333327
2015-05-13,14.57625
2015-05-14,11.71625
2015-05-15,11.893333333333334
2015-05-16,11.974166666666667
2015-05-17,12.081666666666665
2015-05-18,14.810833333333333
2015-05-19,14.754166666666672
2015-05-20,10.89
2015-05-21,11.037083333333333
2015-05-22,11.959583333333335
2015-05-23,13.47625
2015-05-24,14.754583333333334
2015-05-25,13.840833333333334
2015-05-26,10.787083333333333
2015-05-27,10.524166666666664
2015-05-28,12.955
2015-05-29,14.48625
2015-05-30,11.839583333333332
2015-05-31,13.860416666666666
2015-06-01,13.397083333333333
2015-06-02,17.05916666666667
2015-06-03,20.008750000000006
2015-06-04,16.983333333333338
2015-06-05,22.17166666666667
2015-06-06,23.98125
2015-06-07,17.12208333333334
2015-06-08,13.852083333333333
2015-06-09,12.990416666666665
2015-06-10,15.295416666666664
2015-06-11,16.61
2015-06-12,20.7225
2015-06-13,21.370416666666667
2015-06-14,19.318749999999994
2015-06-15,14.628333333333336
2015-06-16,13.167916666666667
2015-06-17,14.498333333333335
2015-06-18,15.079166666666666
2015-06-19,11.757500000000002
2015-06-20,12.028750000000002
2015-06-21,12.91875
2015-06-22,13.803333333333333
2015-06-23,10.905833333333335
2015-06-24,13.35
2015-06-25,16.525416666666665
2015-06-26,18.2775
2015-06-27,17.34041666666667
2015-06-28,17.504583333333333
2015-06-29,20.482916666666668
2015-06-30,20.651666666666667
2015-07-01,22.01875
2015-07-02,25.10833333333333
2015-07-03,27.350416666666664
2015-07-04,29.35458333333333
2015-07-05,28.34583333333333
2015-07-06,21.70708333333333
2015-07-07,23.555833333333336
2015-07-08,18.645
2015-07-09,14.698333333333332
2015-07-10,14.526249999999996
2015-07-11,18.074583333333333
2015-07-12,18.361666666666665
2015-07-13,16.415416666666665
2015-07-14,18.60708333333333
2015-07-15,20.757083333333334
2015-07-16,22.49958333333333
2015-07-17,24.94958333333333
2015-07-18,24.49583333333333
2015-07-19,21.02375
2015-07-20,20.369166666666672
2015-07-21,24.731249999999992
2015-07-22,25.39458333333333
2015-07-23,20.582083333333333
2015-07-24,21.61958333333333
2015-07-25,19.961250000000003
2015-07-26,16.69083333333333
2015-07-27,16.31291666666667
2015-07-28,16.84958333333333
2015-07-29,14.973749999999995
2015-07-30,14.73708333333333
2015-07-31,15.310416666666667
2015-08-01,18.124166666666667
2015-08-02,21.175416666666663
2015-08-03,23.40208333333333
2015-08-04,23.825
2015-08-05,20.48375
2015-08-06,25.26083333333333
2015-08-07,27.27500000000001
2015-08-08,24.93666666666667
2015-08-09,22.47791666666667
2015-08-10,25.603750000000005
2015-08-11,24.69333333333333
2015-08-12,23.12458333333333
2015-08-13,23.89333333333333
2015-08-14,24.991666666666664
2015-08-15,21.71416666666667
2015-08-16,18.98208333333333
2015-08-17,16.77958333333333
2015-08-18,14.948333333333327
2015-08-19,15.878749999999998
2015-08-20,15.367916666666673
2015-08-21,16.80333333333333
2015-08-22,17.57375
2015-08-23,18.401666666666667
2015-08-24,20.23875
2015-08-25,16.044999999999995
2015-08-26,19.055833333333336
2015-08-27,22.47958333333333
2015-08-28,16.9125
2015-08-29,18.89875
2015-08-30,23.892916666666665
2015-08-31,25.338749999999994
2015-09-01,20.860416666666676
2015-09-02,15.548749999999998
2015-09-03,13.423333333333332
2015-09-04,12.886666666666667
2015-09-05,12.641249999999998
2015-09-06,11.47125
2015-09-07,12.154166666666665
2015-09-08,12.782916666666667
2015-09-09,13.1025
2015-09-10,11.183750000000002
2015-09-11,11.7325
2015-09-12,15.56875
2015-09-13,19.785000000000004
2015-09-14,16.08416666666667
2015-09-15,14.622083333333327
2015-09-16,16.105416666666667
2015-09-17,17.236666666666668
2015-09-18,15.031666666666665
2015-09-19,13.345833333333333
2015-09-20,12.719166666666668
2015-09-21,13.658333333333333
